{"train/train_loss": 2.265392780303955, "train/epoch": 0.08421052631578947, "train/example_ct": 32, "train/cur_learning_rate": 7.960203505214117e-13, "_timestamp": 1680640531.2406492, "_runtime": 2625.4224331378937, "_step": 341, "val_table/predictions_table": {"_type": "table-file", "sha256": "f8aa6d400272d64049c9f27261a244e06271061716cd59011c68d1a36c1b8e5d", "size": 82, "artifact_path": "wandb-client-artifact://fn6m2ky8boasqoxou7rz71tsu3693v5cvh2ps30c7d6gn8zyyo6vxzyybzncbwxx3k383fdbvwj7bwyxlo97gypsp1n4nzvs74ohim6xopj73vfs2agvl1luqz4wpql7:latest/val_table/predictions_table.table.json", "_latest_artifact_path": "wandb-client-artifact://fn6m2ky8boasqoxou7rz71tsu3693v5cvh2ps30c7d6gn8zyyo6vxzyybzncbwxx3k383fdbvwj7bwyxlo97gypsp1n4nzvs74ohim6xopj73vfs2agvl1luqz4wpql7:latest/val_table/predictions_table.table.json", "path": "media/table/val_table/predictions_table_340_f8aa6d400272d64049c9.table.json", "ncols": 3, "nrows": 1}, "val/val_loss": 2.270334582579763, "val/val_accuracy": 0.45671038042035017, "val/mIoU": 0.9998265985856977, "_wandb": {"runtime": 1544}}