{"train/train_loss": 0.3507925868034363, "train/epoch": 10.0, "train/example_ct": 3780, "train/cur_learning_rate": 0.0003, "_timestamp": 1680646977.8045201, "_runtime": 5484.080978155136, "_step": 1995, "val_table/predictions_table": {"_type": "table-file", "sha256": "f8aa6d400272d64049c9f27261a244e06271061716cd59011c68d1a36c1b8e5d", "size": 82, "artifact_path": "wandb-client-artifact://f7wb5yp3gbya9gceu69blo0g4s0t8mbrm9viw5caibnkou5o19z8valx68f2qhnkk1lp07a10ebwhxmno5zzeqmcpnwvdjn9bz0314l7s41mah95j9aq0fawvftn4wja:latest/val_table/predictions_table.table.json", "_latest_artifact_path": "wandb-client-artifact://f7wb5yp3gbya9gceu69blo0g4s0t8mbrm9viw5caibnkou5o19z8valx68f2qhnkk1lp07a10ebwhxmno5zzeqmcpnwvdjn9bz0314l7s41mah95j9aq0fawvftn4wja:latest/val_table/predictions_table.table.json", "path": "media/table/val_table/predictions_table_1995_f8aa6d400272d64049c9.table.json", "ncols": 3, "nrows": 1}, "val/val_loss": 1.033506967258035, "val/val_accuracy": 0.674487599155359, "_wandb": {"runtime": 5448}}