{"train/train_loss": 2.582810878753662, "train/epoch": 0.020833333333333332, "train/example_ct": 2, "train/cur_learning_rate": 8.1e-05, "_timestamp": 1680433855.459465, "_runtime": 591.7721049785614, "_step": 1}