{"train/train_loss": 2.2492918968200684, "train/epoch": 0.6631578947368421, "train/example_ct": 252, "train/cur_learning_rate": 1.042802984475958e-15, "_timestamp": 1680640950.0534122, "_runtime": 400.22746419906616, "_step": 124, "val_table/predictions_table": {"_type": "table-file", "sha256": "f8aa6d400272d64049c9f27261a244e06271061716cd59011c68d1a36c1b8e5d", "size": 82, "artifact_path": "wandb-client-artifact://7thhvu7oho97c3xkzgsnupabjtsjdot45l72zu6ktwfcizcbj9a2osojb2fa2eesk8384g5nigi17f2spbng3v20mhduybk302vats2gqy7vyvwo5xucgg7uu4hgvsp8:latest/val_table/predictions_table.table.json", "_latest_artifact_path": "wandb-client-artifact://7thhvu7oho97c3xkzgsnupabjtsjdot45l72zu6ktwfcizcbj9a2osojb2fa2eesk8384g5nigi17f2spbng3v20mhduybk302vats2gqy7vyvwo5xucgg7uu4hgvsp8:latest/val_table/predictions_table.table.json", "path": "media/table/val_table/predictions_table_123_f8aa6d400272d64049c9.table.json", "ncols": 3, "nrows": 1}, "val/val_loss": 2.275290165031165, "val/val_accuracy": 0.45432974162854645}