{"train/train_loss": 2.4087281227111816, "train/epoch": 0.010526315789473684, "train/example_ct": 4, "train/cur_learning_rate": 8.464149782874063e-09, "_timestamp": 1680637840.1148784, "_runtime": 88.38658237457275, "_step": 0}