{"train/train_loss": 2.0113749504089355, "train/epoch": 0.4105263157894737, "train/example_ct": 156, "train/cur_learning_rate": 9.40461086986007e-09, "_timestamp": 1680637736.3872752, "_runtime": 578.8991153240204, "_step": 174, "val_table/predictions_table": {"_type": "table-file", "sha256": "b48efbbfff25d7e6c940c8a90a04f2a1a04f429573835cc7bb3ed38791e942fa", "size": 94, "artifact_path": "wandb-client-artifact://rv4moemhr2bv5eu8a86wrm928fc2hj6r34jn9z1o29425tvh0vx6ncyskn21ikirvql0rr6z599t60frle2wkz0c2n2sr44163fn03jaehmadsh7ze2oow3m6f3qbefm:latest/val_table/predictions_table.table.json", "_latest_artifact_path": "wandb-client-artifact://rv4moemhr2bv5eu8a86wrm928fc2hj6r34jn9z1o29425tvh0vx6ncyskn21ikirvql0rr6z599t60frle2wkz0c2n2sr44163fn03jaehmadsh7ze2oow3m6f3qbefm:latest/val_table/predictions_table.table.json", "path": "media/table/val_table/predictions_table_174_b48efbbfff25d7e6c940.table.json", "ncols": 4, "nrows": 1}, "val/val_loss": 2.089145094679113, "val/val_accuracy": 0.4146016104179516, "val/mIoU": 1.0, "_wandb": {"runtime": 515}}