{"train/train_loss": 2.572251081466675, "train/epoch": 0.010526315789473684, "train/example_ct": 2, "train/cur_learning_rate": 9e-05, "_timestamp": 1680435168.9522653, "_runtime": 4.829507350921631, "_step": 0}