{"train/train_loss": 2.431119918823242, "train/epoch": 0.020833333333333332, "train/example_ct": 2, "train/cur_learning_rate": 0.0001, "_timestamp": 1680432771.113308, "_runtime": 4.298663854598999, "_step": 0}