{
    "val/loss": 0.0006753571215085685,
    "train/loss": 0.00065276597160846,
    "epoch_time": 0.018275022506713867
}