{"train/train_loss": 2.480121374130249, "train/epoch": 0.021052631578947368, "train/example_ct": 8, "train/cur_learning_rate": 2.2876792454961016e-05, "_timestamp": 1680637106.9893422, "_runtime": 2637.956520318985, "_step": 16, "val_table/predictions_table": {"_type": "table-file", "sha256": "b48efbbfff25d7e6c940c8a90a04f2a1a04f429573835cc7bb3ed38791e942fa", "size": 94, "artifact_path": "wandb-client-artifact://ndhtzn4q4e3hdktz1yf7etrzdyo0ouiycbm5xhqky941cyfi6ozcvhfbezorttufj5rogln5jiib6yfm58ntkx2bmh76xk106ufpk8zne7a2qbq2y9p4hy6lff0j0531:latest/val_table/predictions_table.table.json", "_latest_artifact_path": "wandb-client-artifact://ndhtzn4q4e3hdktz1yf7etrzdyo0ouiycbm5xhqky941cyfi6ozcvhfbezorttufj5rogln5jiib6yfm58ntkx2bmh76xk106ufpk8zne7a2qbq2y9p4hy6lff0j0531:latest/val_table/predictions_table.table.json", "path": "media/table/val_table/predictions_table_16_b48efbbfff25d7e6c940.table.json", "ncols": 4, "nrows": 1}, "val/val_loss": 2.479570650217826, "val/val_accuracy": 0.3846949192515591, "val/mIoU": 0.9967140733150014, "_wandb": {"runtime": 258}}